Date,Mood,Quote
2026-01-12,Happy,"Smile, itâ€™s contagious! ğŸ˜„"
2026-01-12,Sad,This too shall pass. ğŸŒ§ï¸
2026-01-12,Sad,This too shall pass. ğŸŒ§ï¸
2026-01-12,Sad,This too shall pass. ğŸŒ§ï¸
2026-01-12,Motivated,"Dream big, work hard! ğŸ’ª"
2026-01-12,Tired,"Rest if you must, but never quit. ğŸ’¤"
2026-01-12,Motivated,"Push yourself, because no one else is going to do it for you. ğŸš€"
2026-01-12,Happy,"Happiness is a journey, not a destination. ğŸ˜Š"
2026-01-12,Tired,"Rest if you must, but never quit. ğŸ’¤"
2026-01-12,Tired,Even slow progress is progress. â³
2026-01-12,Tired,"Rest if you must, but never quit. ğŸ’¤"
2026-01-12,Happy,"Smile, itâ€™s contagious! ğŸ˜„"
2026-01-12,Happy,"Smile, itâ€™s contagious! ğŸ˜„"
2026-01-12,Motivated,"Dream big, work hard! ğŸ’ª"
2026-01-12,Tired,"Rest if you must, but never quit. ğŸ’¤"
2026-01-12,Sad,Every storm runs out of rain. ğŸŒ¦ï¸
2026-01-12,Tired,"Rest if you must, but never quit. ğŸ’¤"
